applicability,type,name,virtual,folder,rel,note,direct,size
推荐适用,Decal/Material Effect,MI_BloodDecal_01,/Game/Dungeon_Forge/Decals/MI_BloodDecal_01,Decals,Decals/MI_BloodDecal_01.uasset,适合封闭地牢环境的尘埃、雾卡、烛火、光束、污渍或战斗痕迹。,False,20101
推荐适用,Decal/Material Effect,MI_BloodDecal_02,/Game/Dungeon_Forge/Decals/MI_BloodDecal_02,Decals,Decals/MI_BloodDecal_02.uasset,适合封闭地牢环境的尘埃、雾卡、烛火、光束、污渍或战斗痕迹。,False,19839
推荐适用,Decal/Material Effect,MI_Decal_Dustpatch_Dark,/Game/Dungeon_Forge/Decals/MI_Decal_Dustpatch_Dark,Decals,Decals/MI_Decal_Dustpatch_Dark.uasset,适合封闭地牢环境的尘埃、雾卡、烛火、光束、污渍或战斗痕迹。,False,11463
推荐适用,Decal/Material Effect,MI_Decal_Dustpatch_Roughness,/Game/Dungeon_Forge/Decals/MI_Decal_Dustpatch_Roughness,Decals,Decals/MI_Decal_Dustpatch_Roughness.uasset,适合封闭地牢环境的尘埃、雾卡、烛火、光束、污渍或战斗痕迹。,False,8869
推荐适用,Decal/Material Effect,MI_Decal_Leaks,/Game/Dungeon_Forge/Decals/MI_Decal_Leaks,Decals,Decals/MI_Decal_Leaks.uasset,适合封闭地牢环境的尘埃、雾卡、烛火、光束、污渍或战斗痕迹。,False,11611
推荐适用,Decal/Material Effect,MI_DustPatch_Dark,/Game/Dungeon_Forge/Decals/MI_DustPatch_Dark,Decals,Decals/MI_DustPatch_Dark.uasset,适合封闭地牢环境的尘埃、雾卡、烛火、光束、污渍或战斗痕迹。,False,11224
推荐适用,Decal/Material Effect,MI_Grime_Patch_01,/Game/Dungeon_Forge/Decals/MI_Grime_Patch_01,Decals,Decals/MI_Grime_Patch_01.uasset,适合封闭地牢环境的尘埃、雾卡、烛火、光束、污渍或战斗痕迹。,False,11438
推荐适用,Decal/Material Effect,MI_Moss_01,/Game/Dungeon_Forge/Decals/MI_Moss_01,Decals,Decals/MI_Moss_01.uasset,适合封闭地牢环境的尘埃、雾卡、烛火、光束、污渍或战斗痕迹。,False,13992
推荐适用,Decal/Material Effect,M_LiquidDecalBase,/Game/Dungeon_Forge/Decals/M_LiquidDecalBase,Decals,Decals/M_LiquidDecalBase.uasset,适合封闭地牢环境的尘埃、雾卡、烛火、光束、污渍或战斗痕迹。,False,54083
推荐适用,VFX Blueprint,BP_Godray,/Game/Dungeon_Forge/VFX/GodRay/BP_Godray,VFX/GodRay,VFX/GodRay/BP_Godray.uasset,适合封闭地牢环境的尘埃、雾卡、烛火、光束、污渍或战斗痕迹。,False,63928
推荐适用,Niagara System,NS_Candle_01,/Game/Dungeon_Forge/VFX/Niagara_Systems/NS_Candle_01,VFX/Niagara_Systems,VFX/Niagara_Systems/NS_Candle_01.uasset,适合封闭地牢环境的尘埃、雾卡、烛火、光束、污渍或战斗痕迹。,False,560595
推荐适用,Niagara System,NS_Candle_02,/Game/Dungeon_Forge/VFX/Niagara_Systems/NS_Candle_02,VFX/Niagara_Systems,VFX/Niagara_Systems/NS_Candle_02.uasset,适合封闭地牢环境的尘埃、雾卡、烛火、光束、污渍或战斗痕迹。,False,560586
推荐适用,Niagara System,NS_Dust_System,/Game/Dungeon_Forge/VFX/Niagara_Systems/NS_Dust_System,VFX/Niagara_Systems,VFX/Niagara_Systems/NS_Dust_System.uasset,适合封闭地牢环境的尘埃、雾卡、烛火、光束、污渍或战斗痕迹。,False,382211
推荐适用,Niagara System,NS_Fogcard,/Game/Dungeon_Forge/VFX/Niagara_Systems/NS_Fogcard,VFX/Niagara_Systems,VFX/Niagara_Systems/NS_Fogcard.uasset,适合封闭地牢环境的尘埃、雾卡、烛火、光束、污渍或战斗痕迹。,False,447846
可选适用,Particle System,P_MeshSplash_01,/Game/Dungeon_Forge/Demo/Effects/Fluid/P_MeshSplash_01,Demo/Effects/Fluid,Demo/Effects/Fluid/P_MeshSplash_01.uasset,适合湿区、火焰、雨水或水面交互段落；需按场景区域选择。,False,281848
可选适用,Particle System,P_MeshSplash_02,/Game/Dungeon_Forge/Demo/Effects/Fluid/P_MeshSplash_02,Demo/Effects/Fluid,Demo/Effects/Fluid/P_MeshSplash_02.uasset,适合湿区、火焰、雨水或水面交互段落；需按场景区域选择。,False,261160
可选适用,Particle System,P_RainStorm1,/Game/Dungeon_Forge/Demo/Effects/Water/P_RainStorm1,Demo/Effects/Water,Demo/Effects/Water/P_RainStorm1.uasset,适合湿区、火焰、雨水或水面交互段落；需按场景区域选择。,False,51817
可选适用,Particle System,P_Fire,/Game/Dungeon_Forge/Demo/StarterContent/Particles/P_Fire,Demo/StarterContent/Particles,Demo/StarterContent/Particles/P_Fire.uasset,适合湿区、火焰、雨水或水面交互段落；需按场景区域选择。,False,312136
可选适用,Particle System,P_Fire1,/Game/Dungeon_Forge/Demo/StarterContent/Particles/P_Fire1,Demo/StarterContent/Particles,Demo/StarterContent/Particles/P_Fire1.uasset,适合湿区、火焰、雨水或水面交互段落；需按场景区域选择。,False,282970
可选适用,Particle System,P_Fire3,/Game/Dungeon_Forge/Demo/StarterContent/Particles/P_Fire3,Demo/StarterContent/Particles,Demo/StarterContent/Particles/P_Fire3.uasset,适合湿区、火焰、雨水或水面交互段落；需按场景区域选择。,False,283918
支撑资源,Demo Effect Support,MI_Droplet_03_Inst,/Game/Dungeon_Forge/Demo/Effects/Materials/Fluid/MI_Droplet_03_Inst,Demo/Effects/Materials/Fluid,Demo/Effects/Materials/Fluid/MI_Droplet_03_Inst.uasset,通常作为特效系统的材质、贴图或网格依赖，随 Niagara/粒子系统间接使用。,False,10036
支撑资源,Demo Effect Support,MI_OuterSplash_Inst,/Game/Dungeon_Forge/Demo/Effects/Materials/Fluid/MI_OuterSplash_Inst,Demo/Effects/Materials/Fluid,Demo/Effects/Materials/Fluid/MI_OuterSplash_Inst.uasset,通常作为特效系统的材质、贴图或网格依赖，随 Niagara/粒子系统间接使用。,False,11446
支撑资源,Demo Effect Support,MI_ParticleWater_DropSubUV_Inst,/Game/Dungeon_Forge/Demo/Effects/Materials/Fluid/MI_ParticleWater_DropSubUV_Inst,Demo/Effects/Materials/Fluid,Demo/Effects/Materials/Fluid/MI_ParticleWater_DropSubUV_Inst.uasset,通常作为特效系统的材质、贴图或网格依赖，随 Niagara/粒子系统间接使用。,False,10362
支撑资源,Demo Effect Support,MI_SplashBase_Inst,/Game/Dungeon_Forge/Demo/Effects/Materials/Fluid/MI_SplashBase_Inst,Demo/Effects/Materials/Fluid,Demo/Effects/Materials/Fluid/MI_SplashBase_Inst.uasset,通常作为特效系统的材质、贴图或网格依赖，随 Niagara/粒子系统间接使用。,False,12566
支撑资源,Demo Effect Support,MI_SplashDisc_Inst,/Game/Dungeon_Forge/Demo/Effects/Materials/Fluid/MI_SplashDisc_Inst,Demo/Effects/Materials/Fluid,Demo/Effects/Materials/Fluid/MI_SplashDisc_Inst.uasset,通常作为特效系统的材质、贴图或网格依赖，随 Niagara/粒子系统间接使用。,False,12090
支撑资源,Demo Effect Support,M_MeshEmitWater_MASTER,/Game/Dungeon_Forge/Demo/Effects/Materials/Fluid/M_MeshEmitWater_MASTER,Demo/Effects/Materials/Fluid,Demo/Effects/Materials/Fluid/M_MeshEmitWater_MASTER.uasset,通常作为特效系统的材质、贴图或网格依赖，随 Niagara/粒子系统间接使用。,False,41733
支撑资源,Demo Effect Support,M_ParticleWater_MASTER,/Game/Dungeon_Forge/Demo/Effects/Materials/Fluid/M_ParticleWater_MASTER,Demo/Effects/Materials/Fluid,Demo/Effects/Materials/Fluid/M_ParticleWater_MASTER.uasset,通常作为特效系统的材质、贴图或网格依赖，随 Niagara/粒子系统间接使用。,False,23039
支撑资源,Demo Effect Support,M_Water_Test_01,/Game/Dungeon_Forge/Demo/Effects/Materials/Fluid/M_Water_Test_01,Demo/Effects/Materials/Fluid,Demo/Effects/Materials/Fluid/M_Water_Test_01.uasset,通常作为特效系统的材质、贴图或网格依赖，随 Niagara/粒子系统间接使用。,False,31686
支撑资源,Demo Effect Support,MI_Rain,/Game/Dungeon_Forge/Demo/Effects/Materials/Water/MI_Rain,Demo/Effects/Materials/Water,Demo/Effects/Materials/Water/MI_Rain.uasset,通常作为特效系统的材质、贴图或网格依赖，随 Niagara/粒子系统间接使用。,False,10727
支撑资源,Demo Effect Support,M_ParticleWater_MASTER,/Game/Dungeon_Forge/Demo/Effects/Materials/Water/M_ParticleWater_MASTER,Demo/Effects/Materials/Water,Demo/Effects/Materials/Water/M_ParticleWater_MASTER.uasset,通常作为特效系统的材质、贴图或网格依赖，随 Niagara/粒子系统间接使用。,False,23763
支撑资源,VFX Mesh,SM_Droplets_01_f29_L_01,/Game/Dungeon_Forge/Demo/Effects/Mesh/SM_Droplets_01_f29_L_01,Demo/Effects/Mesh,Demo/Effects/Mesh/SM_Droplets_01_f29_L_01.uasset,通常作为特效系统的材质、贴图或网格依赖，随 Niagara/粒子系统间接使用。,False,37386
支撑资源,VFX Mesh,SM_SplashBase_01,/Game/Dungeon_Forge/Demo/Effects/Mesh/SM_SplashBase_01,Demo/Effects/Mesh,Demo/Effects/Mesh/SM_SplashBase_01.uasset,通常作为特效系统的材质、贴图或网格依赖，随 Niagara/粒子系统间接使用。,False,183697
支撑资源,VFX Mesh,SM_SplashDisc,/Game/Dungeon_Forge/Demo/Effects/Mesh/SM_SplashDisc,Demo/Effects/Mesh,Demo/Effects/Mesh/SM_SplashDisc.uasset,通常作为特效系统的材质、贴图或网格依赖，随 Niagara/粒子系统间接使用。,False,51666
支撑资源,VFX Mesh,SM_SplashMesh_02,/Game/Dungeon_Forge/Demo/Effects/Mesh/SM_SplashMesh_02,Demo/Effects/Mesh,Demo/Effects/Mesh/SM_SplashMesh_02.uasset,通常作为特效系统的材质、贴图或网格依赖，随 Niagara/粒子系统间接使用。,False,400959
支撑资源,Demo Effect Support,T_Smoke_Tiled_D,/Game/Dungeon_Forge/Demo/Effects/Textures/T_Smoke_Tiled_D,Demo/Effects/Textures,Demo/Effects/Textures/T_Smoke_Tiled_D.uasset,通常作为特效系统的材质、贴图或网格依赖，随 Niagara/粒子系统间接使用。,False,54937
支撑资源,Demo Effect Support,T_WaterDroplets_M,/Game/Dungeon_Forge/Demo/Effects/Textures/T_WaterDroplets_M,Demo/Effects/Textures,Demo/Effects/Textures/T_WaterDroplets_M.uasset,通常作为特效系统的材质、贴图或网格依赖，随 Niagara/粒子系统间接使用。,False,85893
支撑资源,Demo Effect Support,T_WaterDroplets_N,/Game/Dungeon_Forge/Demo/Effects/Textures/T_WaterDroplets_N,Demo/Effects/Textures,Demo/Effects/Textures/T_WaterDroplets_N.uasset,通常作为特效系统的材质、贴图或网格依赖，随 Niagara/粒子系统间接使用。,False,84514
支撑资源,Demo Effect Support,HDR_SpotHighlightFinal_Color_Output0001,/Game/Dungeon_Forge/Demo/Effects/Textures/Fluid/HDR_SpotHighlightFinal_Color_Output0001,Demo/Effects/Textures/Fluid,Demo/Effects/Textures/Fluid/HDR_SpotHighlightFinal_Color_Output0001.uasset,通常作为特效系统的材质、贴图或网格依赖，随 Niagara/粒子系统间接使用。,False,21448
支撑资源,Demo Effect Support,T_AccessTunnel_Cube,/Game/Dungeon_Forge/Demo/Effects/Textures/Fluid/T_AccessTunnel_Cube,Demo/Effects/Textures/Fluid,Demo/Effects/Textures/Fluid/T_AccessTunnel_Cube.uasset,通常作为特效系统的材质、贴图或网格依赖，随 Niagara/粒子系统间接使用。,False,2341483
支撑资源,Demo Effect Support,T_DropSubUV_A,/Game/Dungeon_Forge/Demo/Effects/Textures/Fluid/T_DropSubUV_A,Demo/Effects/Textures/Fluid,Demo/Effects/Textures/Fluid/T_DropSubUV_A.uasset,通常作为特效系统的材质、贴图或网格依赖，随 Niagara/粒子系统间接使用。,False,27197
支撑资源,Demo Effect Support,T_DropSubUV_N,/Game/Dungeon_Forge/Demo/Effects/Textures/Fluid/T_DropSubUV_N,Demo/Effects/Textures/Fluid,Demo/Effects/Textures/Fluid/T_DropSubUV_N.uasset,通常作为特效系统的材质、贴图或网格依赖，随 Niagara/粒子系统间接使用。,False,67943
支撑资源,Demo Effect Support,T_Drop_Long_02_N,/Game/Dungeon_Forge/Demo/Effects/Textures/Fluid/T_Drop_Long_02_N,Demo/Effects/Textures/Fluid,Demo/Effects/Textures/Fluid/T_Drop_Long_02_N.uasset,通常作为特效系统的材质、贴图或网格依赖，随 Niagara/粒子系统间接使用。,False,56771
支撑资源,Demo Effect Support,T_Environment_Materials_Wet_FluidNormal02,/Game/Dungeon_Forge/Demo/Effects/Textures/Fluid/T_Environment_Materials_Wet_FluidNormal02,Demo/Effects/Textures/Fluid,Demo/Effects/Textures/Fluid/T_Environment_Materials_Wet_FluidNormal02.uasset,通常作为特效系统的材质、贴图或网格依赖，随 Niagara/粒子系统间接使用。,False,3728285
支撑资源,Demo Effect Support,T_SplashBase_N,/Game/Dungeon_Forge/Demo/Effects/Textures/Fluid/T_SplashBase_N,Demo/Effects/Textures/Fluid,Demo/Effects/Textures/Fluid/T_SplashBase_N.uasset,通常作为特效系统的材质、贴图或网格依赖，随 Niagara/粒子系统间接使用。,False,265494
支撑资源,Demo Effect Support,T_SplashDisc_A,/Game/Dungeon_Forge/Demo/Effects/Textures/Fluid/T_SplashDisc_A,Demo/Effects/Textures/Fluid,Demo/Effects/Textures/Fluid/T_SplashDisc_A.uasset,通常作为特效系统的材质、贴图或网格依赖，随 Niagara/粒子系统间接使用。,False,228574
支撑资源,Demo Effect Support,T_SplashDisc_N,/Game/Dungeon_Forge/Demo/Effects/Textures/Fluid/T_SplashDisc_N,Demo/Effects/Textures/Fluid,Demo/Effects/Textures/Fluid/T_SplashDisc_N.uasset,通常作为特效系统的材质、贴图或网格依赖，随 Niagara/粒子系统间接使用。,False,313549
支撑资源,Demo Effect Support,T_SplashMesh_02_N,/Game/Dungeon_Forge/Demo/Effects/Textures/Fluid/T_SplashMesh_02_N,Demo/Effects/Textures/Fluid,Demo/Effects/Textures/Fluid/T_SplashMesh_02_N.uasset,通常作为特效系统的材质、贴图或网格依赖，随 Niagara/粒子系统间接使用。,False,395297
支撑资源,Demo Effect Support,T_WaterDroplets_A,/Game/Dungeon_Forge/Demo/Effects/Textures/Fluid/T_WaterDroplets_A,Demo/Effects/Textures/Fluid,Demo/Effects/Textures/Fluid/T_WaterDroplets_A.uasset,通常作为特效系统的材质、贴图或网格依赖，随 Niagara/粒子系统间接使用。,False,85243
支撑资源,Demo Effect Support,T_WaterDroplets_N,/Game/Dungeon_Forge/Demo/Effects/Textures/Fluid/T_WaterDroplets_N,Demo/Effects/Textures/Fluid,Demo/Effects/Textures/Fluid/T_WaterDroplets_N.uasset,通常作为特效系统的材质、贴图或网格依赖，随 Niagara/粒子系统间接使用。,False,83857
支撑资源,VFX Support,MI_CandleFire_01,/Game/Dungeon_Forge/VFX/Materials/MI_CandleFire_01,VFX/Materials,VFX/Materials/MI_CandleFire_01.uasset,通常作为特效系统的材质、贴图或网格依赖，随 Niagara/粒子系统间接使用。,False,10919
支撑资源,VFX Support,MI_CandleFire_01_Inst,/Game/Dungeon_Forge/VFX/Materials/MI_CandleFire_01_Inst,VFX/Materials,VFX/Materials/MI_CandleFire_01_Inst.uasset,通常作为特效系统的材质、贴图或网格依赖，随 Niagara/粒子系统间接使用。,False,9517
支撑资源,VFX Support,MI_CandleSmoke_01,/Game/Dungeon_Forge/VFX/Materials/MI_CandleSmoke_01,VFX/Materials,VFX/Materials/MI_CandleSmoke_01.uasset,通常作为特效系统的材质、贴图或网格依赖，随 Niagara/粒子系统间接使用。,False,10647
支撑资源,VFX Support,MI_Dust,/Game/Dungeon_Forge/VFX/Materials/MI_Dust,VFX/Materials,VFX/Materials/MI_Dust.uasset,通常作为特效系统的材质、贴图或网格依赖，随 Niagara/粒子系统间接使用。,False,9454
支撑资源,VFX Support,MI_Fogcards_AnimatedLit_01,/Game/Dungeon_Forge/VFX/Materials/MI_Fogcards_AnimatedLit_01,VFX/Materials,VFX/Materials/MI_Fogcards_AnimatedLit_01.uasset,通常作为特效系统的材质、贴图或网格依赖，随 Niagara/粒子系统间接使用。,False,11719
支撑资源,VFX Support,M_Candle,/Game/Dungeon_Forge/VFX/Materials/M_Candle,VFX/Materials,VFX/Materials/M_Candle.uasset,通常作为特效系统的材质、贴图或网格依赖，随 Niagara/粒子系统间接使用。,False,24020
支撑资源,VFX Support,M_Ember,/Game/Dungeon_Forge/VFX/Materials/M_Ember,VFX/Materials,VFX/Materials/M_Ember.uasset,通常作为特效系统的材质、贴图或网格依赖，随 Niagara/粒子系统间接使用。,False,13873
支撑资源,VFX Support,M_Fogcards_AnimatedLit,/Game/Dungeon_Forge/VFX/Materials/M_Fogcards_AnimatedLit,VFX/Materials,VFX/Materials/M_Fogcards_AnimatedLit.uasset,通常作为特效系统的材质、贴图或网格依赖，随 Niagara/粒子系统间接使用。,False,48931
支撑资源,VFX Support,M_Godray,/Game/Dungeon_Forge/VFX/Materials/M_Godray,VFX/Materials,VFX/Materials/M_Godray.uasset,通常作为特效系统的材质、贴图或网格依赖，随 Niagara/粒子系统间接使用。,False,49560
支撑资源,VFX Support,M_Volume,/Game/Dungeon_Forge/VFX/Materials/M_Volume,VFX/Materials,VFX/Materials/M_Volume.uasset,通常作为特效系统的材质、贴图或网格依赖，随 Niagara/粒子系统间接使用。,False,14126
支撑资源,VFX Mesh,SM_Godray_Cone,/Game/Dungeon_Forge/VFX/Meshes/SM_Godray_Cone,VFX/Meshes,VFX/Meshes/SM_Godray_Cone.uasset,通常作为特效系统的材质、贴图或网格依赖，随 Niagara/粒子系统间接使用。,False,28440
支撑资源,VFX Support,Dust_System,/Game/Dungeon_Forge/VFX/Niagara_Systems/Dust_System,VFX/Niagara_Systems,VFX/Niagara_Systems/Dust_System.uasset,通常作为特效系统的材质、贴图或网格依赖，随 Niagara/粒子系统间接使用。,False,382190
支撑资源,VFX Support,T_BloodDecal2_N_01,/Game/Dungeon_Forge/VFX/Textures/T_BloodDecal2_N_01,VFX/Textures,VFX/Textures/T_BloodDecal2_N_01.uasset,通常作为特效系统的材质、贴图或网格依赖，随 Niagara/粒子系统间接使用。,False,3207777
支撑资源,VFX Support,T_BloodDecal_03,/Game/Dungeon_Forge/VFX/Textures/T_BloodDecal_03,VFX/Textures,VFX/Textures/T_BloodDecal_03.uasset,通常作为特效系统的材质、贴图或网格依赖，随 Niagara/粒子系统间接使用。,False,864941
支撑资源,VFX Support,T_BloodPuddle_N_03,/Game/Dungeon_Forge/VFX/Textures/T_BloodPuddle_N_03,VFX/Textures,VFX/Textures/T_BloodPuddle_N_03.uasset,通常作为特效系统的材质、贴图或网格依赖，随 Niagara/粒子系统间接使用。,False,11129419
支撑资源,VFX Support,T_BloodSpots_01,/Game/Dungeon_Forge/VFX/Textures/T_BloodSpots_01,VFX/Textures,VFX/Textures/T_BloodSpots_01.uasset,通常作为特效系统的材质、贴图或网格依赖，随 Niagara/粒子系统间接使用。,False,191021
支撑资源,VFX Support,T_BloodSpots_N_01,/Game/Dungeon_Forge/VFX/Textures/T_BloodSpots_N_01,VFX/Textures,VFX/Textures/T_BloodSpots_N_01.uasset,通常作为特效系统的材质、贴图或网格依赖，随 Niagara/粒子系统间接使用。,False,701953
支撑资源,VFX Support,T_CandleFire_01,/Game/Dungeon_Forge/VFX/Textures/T_CandleFire_01,VFX/Textures,VFX/Textures/T_CandleFire_01.uasset,通常作为特效系统的材质、贴图或网格依赖，随 Niagara/粒子系统间接使用。,False,1017863
支撑资源,VFX Support,T_CandleSmoke_01,/Game/Dungeon_Forge/VFX/Textures/T_CandleSmoke_01,VFX/Textures,VFX/Textures/T_CandleSmoke_01.uasset,通常作为特效系统的材质、贴图或网格依赖，随 Niagara/粒子系统间接使用。,False,874710
支撑资源,VFX Support,T_Cloud_RGB_Noise,/Game/Dungeon_Forge/VFX/Textures/T_Cloud_RGB_Noise,VFX/Textures,VFX/Textures/T_Cloud_RGB_Noise.uasset,通常作为特效系统的材质、贴图或网格依赖，随 Niagara/粒子系统间接使用。,False,9273331
支撑资源,VFX Support,T_CurveAcceleration_BC,/Game/Dungeon_Forge/VFX/Textures/T_CurveAcceleration_BC,VFX/Textures,VFX/Textures/T_CurveAcceleration_BC.uasset,通常作为特效系统的材质、贴图或网格依赖，随 Niagara/粒子系统间接使用。,False,72836
支撑资源,VFX Support,T_FogCards_01_RA,/Game/Dungeon_Forge/VFX/Textures/T_FogCards_01_RA,VFX/Textures,VFX/Textures/T_FogCards_01_RA.uasset,通常作为特效系统的材质、贴图或网格依赖，随 Niagara/粒子系统间接使用。,False,1857479
支撑资源,VFX Support,T_Fogcards_01_MV,/Game/Dungeon_Forge/VFX/Textures/T_Fogcards_01_MV,VFX/Textures,VFX/Textures/T_Fogcards_01_MV.uasset,通常作为特效系统的材质、贴图或网格依赖，随 Niagara/粒子系统间接使用。,False,844735
支撑资源,VFX Support,T_Fogcards_01_N,/Game/Dungeon_Forge/VFX/Textures/T_Fogcards_01_N,VFX/Textures,VFX/Textures/T_Fogcards_01_N.uasset,通常作为特效系统的材质、贴图或网格依赖，随 Niagara/粒子系统间接使用。,False,983929
支撑资源,VFX Support,T_LightRay_Gradient,/Game/Dungeon_Forge/VFX/Textures/T_LightRay_Gradient,VFX/Textures,VFX/Textures/T_LightRay_Gradient.uasset,通常作为特效系统的材质、贴图或网格依赖，随 Niagara/粒子系统间接使用。,False,901137
支撑资源,VFX Support,T_LiquidReflection_01,/Game/Dungeon_Forge/VFX/Textures/T_LiquidReflection_01,VFX/Textures,VFX/Textures/T_LiquidReflection_01.uasset,通常作为特效系统的材质、贴图或网格依赖，随 Niagara/粒子系统间接使用。,False,60202
支撑资源,VFX Support,T_LiquidReflection_02,/Game/Dungeon_Forge/VFX/Textures/T_LiquidReflection_02,VFX/Textures,VFX/Textures/T_LiquidReflection_02.uasset,通常作为特效系统的材质、贴图或网格依赖，随 Niagara/粒子系统间接使用。,False,217514
支撑资源,VFX Support,T_Noise_02,/Game/Dungeon_Forge/VFX/Textures/T_Noise_02,VFX/Textures,VFX/Textures/T_Noise_02.uasset,通常作为特效系统的材质、贴图或网格依赖，随 Niagara/粒子系统间接使用。,False,380438
支撑资源,VFX Support,T_Noise_03,/Game/Dungeon_Forge/VFX/Textures/T_Noise_03,VFX/Textures,VFX/Textures/T_Noise_03.uasset,通常作为特效系统的材质、贴图或网格依赖，随 Niagara/粒子系统间接使用。,False,6962981
支撑资源,VFX Support,T_SphereCutout_01,/Game/Dungeon_Forge/VFX/Textures/T_SphereCutout_01,VFX/Textures,VFX/Textures/T_SphereCutout_01.uasset,通常作为特效系统的材质、贴图或网格依赖，随 Niagara/粒子系统间接使用。,False,169008
